ticket_id,fold,customer_message,y_true,y_pred,confidence,prediction_source,is_rule_override
TK-240037,5,[IVR transcript] hii i haven't received my order the gan cahrger vr901329,delivery_shipping,other_unclear,0.1894,ml,False
TK-240204,4,"Really frustrating. Bought Pulse earbuds around January 07 from vireo.in. please cancel, ordered by mistake. I already tried cancel button, greyed out. I WANT A REPLACEMENT OR REFUND, NOTHING ELSE.",returns_refunds,cancellation,0.182,ml,False
TK-240243,5,"[IVR transcript] i am losing patience. bought my arc around 16 oct from vireo.in. service centre took it, now silence. i already called service centre. escalate this to someone senior.",other_unclear,hardware_audio_defect,0.2298,ml,False
TK-240350,3,"Dear Sir/Madam,

I am writing with reference to my order of Orbit speaker (VR891384) placed on 23-01-2025. I have been sitting at home for 3 days waiting for your courier. I have called courier. I request you to look into this matter at the earliest.

Regards,
Sai George",delivery_shipping,returns_refunds,0.1633,ml,False
TK-240429,2,"hi team, this is regarding strata 2. before i buy - will this talk to a 2019 samsung. need this sorted this week. thank you",product_enquiry_setup,other_unclear,0.1944,ml,False
TK-240488,2,"Really frustrating. Ordered the AirLite buds last week. I hear music in one ear only, other is mute. I already reset the buds. Fix this or I am posting on twitter.",hardware_audio_defect,connectivity_pairing,0.1649,ml,False
TK-240613,3,Realy frustrating. Ordered Arc neckband last week. static noise whne playing music. I already cahnged EQ. Refund. Now,returns_refunds,returns_refunds,0.1569,ml,False
TK-240708,4,"[IVR transcript] Hello Vireo, Order VR907522 (my Orbit).  THE COURIER MARKED IT DELIVERED BUT NOBODY IN MY HOUSE GOT ANYTHING. Please help.",delivery_shipping,delivery_shipping,0.1875,ml,False
TK-240709,3,"Product: my Nexa 2 watch
Order: VR888398
Purchased: February 09
Issue: wrong produuct delivered
Tried: checked the invoice
Expected: resolution",delivery_shipping,delivery_shipping,0.1861,ml,False
TK-240758,1,I am losing patience. Got my Strata 3 headphones from vireo.in 3 weeks back. what is the status of my warranyt claim. I already called service centre. Escalate this to someone senior.,hardware_audio_defect,other_unclear,0.1752,ml,False
TK-240826,1,"Not acceptable at this price. my Strata 2 headphones purchased a month ago, order VR897700. coupon code not working. I already tried in caps. Fix this or I am poosting on twitter.",billing_payment,billing_payment,0.1721,ml,False
TK-240834,3,cancel order vr898591 - vr898591,cancellation,cancellation,0.3742,ml,False
TK-240977,1,"PRODUCT: THE ORBIT SMART SPEAKER
ORDER: VR908504
PURCHASED: 25-06-2024
ISSUE: SPEAKER WON'T TURN ON
TRIED: TRIED DIFFERENT SCOKET
EXPECTED: REPLACEMENT",charging_battery,charging_battery,0.1908,ml,False
TK-241053,3,"hi
left side has no audio at all
airlite earbuds VR906526",charging_battery,hardware_audio_defect,0.1953,ml,False
TK-241071,4,"hi
speaker won't turn on
the orbit smart speaker vr899075
anyone there",charging_battery,charging_battery,0.1496,ml,False
TK-241119,3,"This is regarding Nexa watch. Srvice centre took it, now silence.
I called serviice centre. Nothing changed.
Kindly look into it.",hardware_audio_defect,other_unclear,0.1435,ml,False
TK-241181,4,This is very disappointing.  This is regarding my Nexa 2 watch. the pairing light blinks but nothing ever shows up on my Vivo. I already tried on another phone. Fix this or I am posting on twitter.,connectivity_pairing,connectivity_pairing,0.2158,ml,False
TK-241231,2,MY ORDER HAS NOT BEEN DELIVERED YET,delivery_shipping,delivery_shipping,0.3035,ml,False
TK-241241,2,"update my shipping address, pls clal me on my registered number",other_unclear,other_unclear,0.2342,ml,False
TK-241298,5,"Product: my Pulse
Purchased: 23/12
Issue: battery life has dropped to almost nothing
Tried: turned off always-on display
Expected: fix",connectivity_pairing,connectivity_pairing,0.1748,ml,False
TK-241320,2,"hi vireo support,
this is regarding the pulse buds.  cancel order.
i tried cancel button, greyed out. nothing changed.
can someone fix this?
thanks in advance tenzin malhotra",cancellation,cancellation,0.1535,ml,False
TK-241339,4,"my son ordered this withoout asking, please reverse, vr902982, need this sorted this week",other_unclear,other_unclear,0.1942,ml,False
TK-241356,2,very poor quality. bought airlite earbuds around 27-03-2025 from vireo.in. my bank says rs 6499 went to you but your site says i have no orders. i already checked bank statement. fix this or i am posting on twitter.,billing_payment,billing_payment,0.2543,ml,False
TK-241536,2,"Product: my Strta 2 headphones
Order: VR882098
Purchased: April 09
Issue: order not delivered, tracking not updating
Tried: cheecked wtih neighbours
Expected: reoslution",delivery_shipping,delivery_shipping,0.2431,ml,False
TK-241561,3,"hi sir
i moved houses yesterday and the order is going to the old flat
please help karo
the nexa smartwatch
??",other_unclear,connectivity_pairing,0.1537,ml,False
TK-241632,2,"Product: 65W charger
Order: VR887052
Purchased: 26 Mar
Issue: nobody came for the pickup
Tried: rescheduled pickup twice
Expected: resolution",returns_refunds,delivery_shipping,0.1676,ml,False
TK-241650,1,[IVR transcript] card charged two times,billing_payment,billing_payment,0.1845,ml,False
TK-241655,1,Very poor quality.  Bought the fit band around 17-11-2024 from vireo.in. cannot pair the fit band with my laptop. I already tried on another phone. This is the last time I buy from you.,connectivity_pairing,hardware_audio_defect,0.1488,ml,False
TK-241742,2,I AM LOSING PATIENCE. This is regarding my Arc. it connects for a second and then vanishes from the dvice list. I alredy forgot the device and tried again. Fix this or I am posting on twitter.,connectivity_pairing,connectivity_pairing,0.188,ml,False
TK-241879,1,"ordered orbit mini last week. locked out of my own account since last week.
waiting for your reply.",other_unclear,billing_payment,0.2016,ml,False
TK-241930,3,"Product: orbit mini
Order: VR899332
Purchased: 21/02
Issue: app crashes when I open device settings
Tried: updated phone
Expected: callback",connectivity_pairing,connectivity_pairing,0.1911,ml,False
TK-241965,2,Honstly regretting thhis purchase. I bought my Nexa 2 watch on 11/04. the progress bar has not moved since morning. I already kpet it in the case. Refund. Now.,returns_refunds,connectivity_pairing,0.1494,ml,False
TK-242010,5,"team,
payment was deducted but no order was created
nexa 2",billing_payment,delivery_shipping,0.1415,ml,False
TK-242029,5,"Dear Sir/Madam, Ordered Nexa 2 3 weeks back. NEED TO CHANGE DELIVERY ADDRESS. Please help. Thanks in advance",delivery_shipping,delivery_shipping,0.1586,ml,False
TK-242200,1,"To the Vireo Customer Care Team,

I am writing with reference to my order of the AirLite buds (VR903299) placed on 24-05-2025. The page failed after I paid and now nothing shows in my account. I have tried logging out and in. I request you to provide a resolution within 3 working days.

Regards,
Divya Shinde",billing_payment,connectivity_pairing,0.1553,ml,False
TK-242202,3,"hi
return pickup has not happenned
airlite erabuds",connectivity_pairing,returns_refunds,0.1428,ml,False
TK-242258,1,"hi
updtae my shipping address",other_unclear,other_unclear,0.2667,ml,False
TK-242463,5,Honestly regretting this purchase. This is regarding Pulse earbuds. the case has been at the same battery level for a week. I already charged for 6 hours nothing. Escalate this to someone senior.,charging_battery,charging_battery,0.2111,ml,False
TK-242497,5,"hii
my order has not been delivered yet
strata 3
hello??",delivery_shipping,delivery_shipping,0.2368,ml,False
TK-242503,5,"to the vireo customer care team,

i am writing with reference to my order of my nexa 2 watch (vr908126) placed on 10/06. the app said pickup today, that was on 10/06. i have called courier. i request you to kindly arrange a replacement.

yours faithfully,
om gupta
noida",connectivity_pairing,returns_refunds,0.1634,ml,False
TK-242518,2,app crashes when I open device settings,connectivity_pairing,connectivity_pairing,0.2209,ml,False
TK-242545,2,"Hey,
Pulse earbuds purchased last week, order VR905368. Paid via UPI, amount deducted, no order confirmation.
I checked bank statement.
This is very disappointing.
Please call me on my registered number.
Thanks & regards, Amit",connectivity_pairing,billing_payment,0.1705,ml,False
TK-242691,3,"the pairing ligght blinks but nothing ever shows up on my Vivo
please advise",connectivity_pairing,connectivity_pairing,0.1981,ml,False
TK-242858,5,"sir ji
u picked up the item 15 days ago & my money hasn't come back
recently se",billing_payment,returns_refunds,0.1535,ml,False
TK-243208,4,Not acceptable at this price.  Ordered the Pulsse 2 earbuds recently. pls share invoice w/ GST number. I already checked orders page. Escalate this to someone senior,billing_payment,billing_payment,0.1793,ml,False
TK-243463,2,ORDERED THE ORBIT SMART SPEAKER IN AUGUST. Need GST invoice for my order. Please advise. Awaiting respnose Krishna Roy,billing_payment,charging_battery,0.1397,ml,False
TK-243623,1,"product: nexa 2
order: vr886149
purchased: 19/06
issue: can't get past the loading screen in the app
tried: cleared cache
expected: callback",connectivity_pairing,connectivity_pairing,0.1693,ml,False
TK-243715,4,"UPI shows success, your app shows nothing",connectivity_pairing,connectivity_pairing,0.1947,ml,False
TK-243727,4,"Product: Pules 2
Order: VR896321
Purchased: 27-02-2026
Issue: does Pulse 2 work with iPhone
Expected: callback",product_enquiry_setup,product_enquiry_setup,0.1912,ml,False
TK-243734,5,"hello ji
firmware update is stuck at 99%
bahut pareshan hu
nexa fit",connectivity_pairing,connectivity_pairing,0.1621,ml,False
TK-243836,4,"Hello, Bought Nexa 2 aroud 16 Jul from vireo.in.  The little metal pin fell out and now it won't stay on my wrist. I tred to fix pin. Nothing changed. I want a replacement. Reards Shreya Naidu",other_unclear,connectivity_pairing,0.16,ml,False
TK-243949,1,"Hi team,
Got airlite earbuds from Flipkart last week.  Microphone is very low on the airlite earbuds.
Waiting for your reply.
Thanks & regards,",hardware_audio_defect,connectivity_pairing,0.1447,ml,False
TK-243997,3,"Dear team, Bought Pulse earbuds around August 25 from vireo.in. Order not delivered, tracking not updating. I called the courier. Nothing changed. Waiting for your reply.",delivery_shipping,delivery_shipping,0.2473,ml,False
TK-244242,5,"hi
will this survive a shower
my pulse 2",other_unclear,returns_refunds,0.1442,ml,False
TK-244247,3,"Hello, I bought the Nexa 2 on 01-08-2025.  Locked out of my own account since around Diwali. I tried 5 times. Need this sorted this week",billing_payment,other_unclear,0.209,ml,False
TK-244248,1,Ordered Pulse 2 2 weeks ago. My company accounts team is asking for the tax bill. Can someone fix this? Thansk Pranav Bhatt,billing_payment,other_unclear,0.1616,ml,False
TK-244287,1,"Product: the fit band
Order: VR882006
Purchased: 03 Sep
Issue: my order has not been delivered yet
Tried: checked the tracking page daily
Expected: resolution",delivery_shipping,delivery_shipping,0.2876,ml,False
TK-244345,1,received damaged producct,delivery_shipping,delivery_shipping,0.1507,ml,False
TK-244398,5,"Product: Pulse2
Order: VR904363
Purchased: 08-09-2025
Issue: discount was not applied at checkout
Tried: tried in caps
Expected: refund",connectivity_pairing,connectivity_pairing,0.143,ml,False
TK-244444,3,"hello
paid on october 20, still waiting for something to show up
orbit mini
urgent",delivery_shipping,delivery_shipping,0.1531,ml,False
TK-244547,5,"helo
one of them (left) never gets the green light in the case
airlite
kindly do the needful",charging_battery,charging_battery,0.2244,ml,False
TK-244765,5,[IVR transcript] ordered pulse 2 a month ago. i was charged twice for one order. i checked with bank. nothing changed. please call me on my registered number.,billing_payment,billing_payment,0.1607,ml,False
TK-244847,4,otp not coming on my number.  how do i get this fixed?,connectivity_pairing,hardware_audio_defect,0.1616,ml,False
TK-245062,1,package not delivered even after 20 dyas,delivery_shipping,delivery_shipping,0.2321,ml,False
TK-245096,5,"product: the mini speaker
purchased: october 18
issue: box was crushed and the the mini speaker is cracked
tried: took photos
expected: resolution",returns_refunds,delivery_shipping,0.1657,ml,False
TK-245156,3,"Product: the cable
Order: VR890544
Purchased: 10-10-2025
Issue: I haven't received my order
Tried: checked the tracking page daily
Expected: callback",delivery_shipping,delivery_shipping,0.1969,ml,False
TK-245180,2,"Product: Pulse earbuds
Purchased: 08/08
Issue: battery life has dropped to almost nothing
Tried: fully charged and discharged twice
Expected: replacement",connectivity_pairing,charging_battery,0.1741,ml,False
TK-245402,4,cannot lgin to my account - waiiting for your reply,billing_payment,billing_payment,0.1417,ml,False
TK-245619,3,it has been 17 days and I have noting in hand. can someone fix this?,other_unclear,connectivity_pairing,0.141,ml,False
TK-245692,1,"Hi, Ordered the Orbit smart speaker recently.  App not opening after update. I cleared cache. Nothing changed. Please call me on my registered number.",connectivity_pairing,connectivity_pairing,0.1645,ml,False
TK-245749,2,"Product: Pulse 2
Purchased: November 01
Issue: the box says Pulse 2 but what's inside is not what I paid for
Tried: rechecked my order
Expected: resoolution",delivery_shipping,delivery_shipping,0.1505,ml,False
TK-245766,4,"tracking has said out for delivery for a week now
vr901086
pllease heelp",delivery_shipping,delivery_shipping,0.1555,ml,False
TK-245801,3,"[IVR transcript] Really frustrating. the neckband purchased recently, order VR908268. the pairing light blinks but nothing ever shows up on my Pixel. I already restarted the phone. This is the last time I buy from you.",connectivity_pairing,connectivity_pairing,0.2009,ml,False
TK-245836,1,"Dear Sir/Madam,

I am writing with reference to my order of the Pulse buds (VR894260) placed on 10/09. No light comes on the case when I plug it in. I have tried wireless charging pad. I request you to process a refund to my original payment method.

Yours faithfully,
Dev Kapoor",returns_refunds,returns_refunds,0.2263,ml,False
TK-245890,3,"product: arc neckband
order: vr907444
purchased: 24/09
issue: battery backup is terrible now
tried: turned off always-on display
expected: fix",connectivity_pairing,connectivity_pairing,0.1632,ml,False
TK-246013,2,"hello
dies by lunchtime with light use",charging_battery,connectivity_pairing,0.152,ml,False
TK-246170,4,"Hello Vireo, Bought my Pulse 2 around 20 Oct from vireo.in. I have to charge it twicce a day now, it used to last days. I updated the app. Please resolve asap. Thansk Tenzin Dutta",connectivity_pairing,connectivity_pairing,0.1541,ml,False
TK-246194,5,"[IVR transcript] Not what I expected from Vireo.  my Orbit purchased 2 weeks ago, order VR883271. it has been 11 days and I have nothing in hand. I already checked with neighbours. Refund. Now.",returns_refunds,delivery_shipping,0.1613,ml,False
TK-246201,1,Very poor quality. Bought the fit band aroudn 02/11 from vireo.in. where is the money for the return. I already emailed twice. Escalate this to someone senior.,returns_refunds,returns_refunds,0.1569,ml,False
TK-246928,3,"hello
the case has ben at the same battery level for a week",charging_battery,charging_battery,0.1825,ml,False
TK-247024,3,"Hey, This is regarding Nexa 2. Promo code shows invalid. I tried in caps. Need this sorted this week. Thank you, Manpreet Gaikwad",billing_payment,connectivity_pairing,0.1722,ml,False
TK-247037,3,[IVR transcript] people cannot hear me on calls.  how do i get this fixed?,hardware_audio_defect,delivery_shipping,0.1589,ml,False
TK-247213,1,"the Pulse 2 earbuds purchased last month, order VR904386. Packed the box a week ago and it's still here.
I rescheduled pickup twice.
Waiting for your reply.
Thanks, Ysh Mishra",delivery_shipping,delivery_shipping,0.1733,ml,False
TK-247329,2,the left one only charges if the lid is held shut.  VR885089,hardware_audio_defect,charging_battery,0.2328,ml,False
TK-247453,4,"Dear Sir/Madam,

I am writing with reference to my order of Pulse 2 (VR902292) placed on 09 Dec. The invoice PDF link gives a 404. I have tried different browser. I request you to process a refund to my original payment method.

Sincerely,
Nikhil Sandhu
Kochi",returns_refunds,returns_refunds,0.1931,ml,False
TK-247519,5,[IVR transcript] Got my Pulse 2 from vireo.in 10 days ago. Refund not recceived yet. I chceked bank. Kinndly loko into it. Please revert,returns_refunds,other_unclear,0.1756,ml,False
TK-247572,3,I am losing patience. Ordered Pulse 2 10 days ago. refund not received yet. I already emailed twice. Refund. Now.,returns_refunds,returns_refunds,0.2098,ml,False
TK-247642,2,"[IVR transcript] Not acceptable at this price.  Pulse2 purchased 2 weeks ago, order VR903152. I sent the unit in 6 days ago and have heard nothing. I already called service centre. This is the last time I buy from you",hardware_audio_defect,billing_payment,0.1631,ml,False
TK-247904,2,"To the Vireo Customer Care Team,

I am writing with referenec to my odrer of the Nexa 2 placed on 09-12-2025. Cnnot pair the Nexa 2 with my laptop. I have restarted the phone. I request you to kindly arrange a replacement.

Regards,
Rohit Fernandes",connectivity_pairing,connectivity_pairing,0.1756,ml,False
TK-247928,5,"hi, i bought pulse2 on 30/09. my phone just doesn't see it in the list anymore. i tried on anohter phone. how do i get this fixed? regards joseeph singh",connectivity_pairing,connectivity_pairing,0.2034,ml,False
TK-248030,4,"really frustrating. bought the pulse 2 earbuds around november 14 from vireo.in. i har music in one ear only, othre is mute. i already checekd balance settings. escalate this to someone senior.",hardware_audio_defect,hardware_audio_defect,0.1728,ml,False
TK-248070,4,"hi
want to cancel my order
ailite earubds",cancellation,cancellation,0.3108,ml,False
TK-248116,4,Really frustrating. Bought my Pulse 2 around September 04 from vireo.in. since the last update the app just shows a white screen. I already cleared cache. Fix this or I am posting on twitter,connectivity_pairing,connectivity_pairing,0.221,ml,False
TK-248150,4,this is very disappointing. order vr882875 (the pulse 2 earbuds). the left one has to be pressed down hard in the case or it does nothing. i already tried a different cable. fix this or i am posting on twitter.,connectivity_pairing,charging_battery,0.2106,ml,False
TK-248258,1,"team,
nobody came for the pickup
abhi tak kuch nahi hua
the airlite buds
urgent",delivery_shipping,delivery_shipping,0.1617,ml,False
TK-248350,2,"hello, got my pulse 2 from vireo.in 10 days ago. my company accounts teaam is asking for the tax bill. please help. awaaiting response, isha arora",other_unclear,returns_refunds,0.1646,ml,False
TK-248517,3,"Hello,
I bought the Pulse 2 earbuds on January 04.  My bank says Rs 6499 went to you but your site says I have no orders.
I waited 24 hours.
What do I do now?",billing_payment,billing_payment,0.1996,ml,False
TK-248599,3,Not wht I expected from Vireo.  Got pulse 2 budds from Amazon 10 days ago. one of them (left) never gets the geen light in the case. I already tried different phone. This is the last time I buy form you,charging_battery,charging_battery,0.1875,ml,False
TK-248772,3,[IVR transcript] not what i expected from vireo.  got pulse 2 buds from amazon last week. a hiss that wasn't there when i bought it. i already tried different apps. escalate this to someone senior.,connectivity_pairing,returns_refunds,0.1516,ml,False
TK-248775,5,"Really frustrating.  Order VR910811 (the AirLite buds). two entries of Rs 4999 on my stateent for one pair of earbuds. I already checked w/ bank. I want a replacement or refund, nothing else.",connectivity_pairing,returns_refunds,0.178,ml,False
TK-248827,5,Pathetic experience honestly. Order VR910811 (the AirLite buds). my order has not been delivered yet. I already checked with neighbours. Refund. Now.,delivery_shipping,delivery_shipping,0.2297,ml,False
TK-248890,1,"to the vireo customer care team,

i am writing w/ reference to my order of the strata 3 (vr880818) placed on 23 sep. the app closes itself the moment i tap on my device. i have cleared cache. i request you to process a refund to my original payment method.

regards,
gurpreet dutta",connectivity_pairing,returns_refunds,0.1687,ml,False
TK-248897,1,"I bought my Pulse 2 on January 21. Paid on January 21, still waiting for something to show up. I called the courier. Nothing changed. Need tihs sorted this week. Thanks",delivery_shipping,delivery_shipping,0.1566,ml,False
TK-248968,4,"I have been a loyal customer and this is how you treat me. Pulse2 purchased last month, order VR895673. right side works perfectly, left one just does not wake up. I already removed and reinserted it 10 times. This is the last time I buy from you.",hardware_audio_defect,charging_battery,0.1728,ml,False
TK-249037,4,"helo
left pod no longer sits properly in the case and stays flat",hardware_audio_defect,hardware_audio_defect,0.2051,ml,False
TK-249165,5,"hey, got my strata 2 headphones from amazon 10 days ago. claim number rma85387, anyone alive there?. i callled sevice centre. can someone fix this? regards aarav dutta",hardware_audio_defect,other_unclear,0.1564,ml,False
TK-249209,3,"Tis is very disappointing. I bought the Pulse 2 earbuds on January 30. UPI shows success, your app sohws nothing. I already waited 24 hours. Fix this or I am postign on twitter.",connectivity_pairing,connectivity_pairing,0.2245,ml,False
TK-249213,1,"Product: my Nexa Fit band
Order: VR882935
Purchased: 16/01
Issue: nobody came for the pickup
Tried: called corier
Expected: replacement",returns_refunds,returns_refunds,0.1674,ml,False
TK-249441,2,"Hi Vireo support, I bought the neckband on 12/01. Update failed and now it won't turn on. Waiting for ur reply. Thanks Shreya",connectivity_pairing,hardware_audio_defect,0.1533,ml,False
TK-249499,1,"I have been a loyal customer and this is how you treat me. Ordered Pulse2 around Diwali. right side works perfectly, left one just does not wake up. I ALREADY TRIED DIFFERENT PHONE. Refund. Now.",returns_refunds,hardware_audio_defect,0.206,ml,False
TK-249672,5,"Product: my Pulse 2
Order: VR880024
Purchased: 25 Jan
Issue: left earbud shows 0% and never charges
Tried: removed and reinserted it 10 times
Expected: fix",charging_battery,charging_battery,0.2595,ml,False
TK-249703,4,"need to change delivery address
VR909072
kindly look into it",delivery_shipping,delivery_shipping,0.1601,ml,False
TK-249713,1,"dear team, got my pulse 2 from flipkart a motnh ago. left side not charging in the case. i removed and reinserted it 10 times. honestly regretting this purchase. please call me on my registered number.",charging_battery,charging_battery,0.2314,ml,False
TK-249746,5,after a night in teh case the left is at 0 and right at 100 - kindly look into it,charging_battery,charging_battery,0.2235,ml,False
TK-249919,4,"[IVR transcript] i have been a loyal customer & ths is how you treat me. i bought pulse2 on 12 jan. left side not charging in the case. i already did the reset from the manual. i want a replacement or refund, nothing else.",charging_battery,returns_refunds,0.1976,ml,False
TK-249930,1,"hi, bought pulse 2 buds around 02/02 from vireo.in. i moved houses yesterday and the order is going to the old flat. i tried editing in app. nothing changed. please resolve asap. tahnk you faisal yadav",connectivity_pairing,other_unclear,0.1845,ml,False
TK-249964,1,"Dear Sir/Madam, Ordered the Pulse 2 earbuds last month. Left pod no longer sits properly in the case and stays flat. Please advise. THANK YOU VIHAAN",hardware_audio_defect,hardware_audio_defect,0.1997,ml,False
TK-250008,2,"Honestly regretting this purchase.  THIS IS REGARDING PULSE 2 BUDS. the L bud is basically a paperweight now, R is fine. I already did the reset from the manual. I want a replacement or refund, nothing else.",returns_refunds,charging_battery,0.2172,ml,False
TK-250075,1,"hey
where is the money for the return
arc neckband
pls reply",returns_refunds,connectivity_pairing,0.1518,ml,False
TK-250270,1,[IVR transcript] I haven't received my order. VR898251,other_unclear,delivery_shipping,0.2212,ml,False
TK-250304,5,"Honestly regretting this purchase.  Ordered Pulse2 3 weeks back. it has been 4 days and I have nothing in hand. I already called the courier. I want a replacement or refund, nothig else",delivery_shipping,returns_refunds,0.2207,ml,False
TK-250311,4,"hii
left pod no longer sits properly in the case & stays flat
pulse2
urgent",charging_battery,hardware_audio_defect,0.204,ml,False
TK-250328,4,"hey
can i connect two pulse 2 buds together",connectivity_pairing,connectivity_pairing,0.1518,ml,False
TK-250330,3,"very poor quality. i bought pulse2 on 13/01. left earbud not charging, right one is fine. i already tried a different cable. fix this or i am posting on twitter",charging_battery,charging_battery,0.1707,ml,False
TK-250418,2,"To the Vireo Customer Care Team,

I am writing with reference to my order of pulse 2 buds placed on 10-01-2026. Left bud not taking charge. I have cleaned the contacts with a cloth. I request you to look into this matter at the earliest.

Yours faithfully,
Tanvi Mishra
Nashik",charging_battery,returns_refunds,0.1522,ml,False
TK-250579,4,"This is regarding my Pulse 2.  After a night in the case the left is at 0 and right at 100. I tried a different cable. Please help. Rgds,",charging_battery,charging_battery,0.2602,ml,False
TK-250661,2,"Hello Vireo,
Ordered the Pulse 2 earbuds 10 days ago. Buzzing sound from the speaker.
I changed EQ.
Very poor quality.
Need this sorted this week.
Regards",other_unclear,returns_refunds,0.1558,ml,False
TK-250796,4,"[IVR transcript] paid on 18 Feb, still waiting for something to show up. VR886165",delivery_shipping,delivery_shipping,0.1652,ml,False
TK-250851,3,"hello ji
bluetooth keeps cutting out
itan paisa diya hai
my pulse 2",connectivity_pairing,connectivity_pairing,0.185,ml,False
TK-251064,3,"Product: Pulse2
Purchased: 27 Feb
Issue: before I buy - will this talk to a 2019 Samsung
Expected: fix",product_enquiry_setup,product_enquiry_setup,0.2595,ml,False
TK-251160,5,"Product: my Nxea 2 watch
Order: VR892173
Purchased: 23 Feb
Issue: ordered black, got white, not what I asked for
Tried: rechecked my order
Expected: resolution",delivery_shipping,delivery_shipping,0.1756,ml,False
TK-251170,5,"claim number RMA95452, anyone alive there?. waiting for ur reply",hardware_audio_defect,connectivity_pairing,0.1462,ml,False
TK-251220,1,"bhai
the l bud is basically a paperweight now, r is fine
the pulse 2 earbuds
hello??",hardware_audio_defect,returns_refunds,0.1612,ml,False
TK-251295,2,"THE PAIRING LIGHT BLINKS BUT NOTHING EVER SHOWS UP ON MY REALME
VR885836
NEED THIS SORTED THIS WEEK",connectivity_pairing,connectivity_pairing,0.2018,ml,False
TK-251320,3,[IVR transcript] Honetly regretting this purchase. Order VR883288 (pulse 2 buds). my bank says Rs 4999 went to you but your site says I hvae no orders. I already waited 24 hours. Fix this or I am posting on twitter.,billing_payment,billing_payment,0.2081,ml,False
TK-251471,2,"Product: the Pules 2 earbuds
Order: VR891921
Purchased: February 27
Issue: locked out of my own account since around Diwaali
Tried: tried on another browser
Expected: replacement",billing_payment,product_enquiry_setup,0.1561,ml,False
TK-251519,5,"hi team,
this is regarding pulse 2 buds.  random disconnects during calls.
need this sorted this week.
awaiting response harpreet",connectivity_pairing,other_unclear,0.1436,ml,False
TK-251547,4,"bluetooth keeps cutting out
need this sorted this week",connectivity_pairing,connectivity_pairing,0.1748,ml,False
TK-251559,2,left bud not taking charge,charging_battery,hardware_audio_defect,0.1671,ml,False
TK-251655,4,"helo
not receiving otp to login
pulse earbuds
anyone there",billing_payment,hardware_audio_defect,0.1504,ml,False
TK-251662,5,update my shipping address - need this sorted this week,other_unclear,other_unclear,0.3098,ml,False
TK-251815,2,"I bought the charging case I ordered on 10-03-2026. Can I connect two the charging case I ordered together. Can someone fix this? Rgds, Gurpreet",connectivity_pairing,charging_battery,0.2154,ml,False
TK-251845,2,"left side not charging in the case, please advise",charging_battery,charging_battery,0.2904,ml,False
TK-252032,1,MY PHONE JUST DOESN'T SEE IT IN THE LIST ANYMORE,connectivity_pairing,connectivity_pairing,0.1764,ml,False
TK-252097,3,Very poor quality. This is regarding airlite earbuds. one of them is just decoration at this point. I already tried different phone. Fix this or I am posting on twitter.,hardware_audio_defect,connectivity_pairing,0.1961,ml,False
TK-252100,4,"packed the box a week ago and it's still here
how do i get this fixed?",delivery_shipping,delivery_shipping,0.154,ml,False
TK-252208,1,"PRODUCT: PLSE 2
ORDER: VR908752
PURCHASED: 02-03-2026
ISSUE: ONE OF THM (LEFT) NEVER GETS THE GREEN LIGHT IN THE CASE
TRIED: DID THE RESET FROM THE MANUAL
EXPECTED: REPLACEMENT",charging_battery,charging_battery,0.2457,ml,False
TK-252256,1,Honestly regretting this purchase. This is regarding the Pulse 2 earbuds. left earbud shows 0% & never charges. I already removed & reinserted it 10 times. Refund. Now.,charging_battery,charging_battery,0.2077,ml,False
TK-252302,3,"[IVR transcript] Dear Sir/Madam, Bought my Pulse 2 around 02 Jan from Amazon. Keeps losing my phone if I walk to the other room. How do I get this fixed? Thank you, Shreya Desai",connectivity_pairing,returns_refunds,0.1553,ml,False
TK-252369,5,"Product: pulse 2 buds
Order: VR885796
Purchased: 25-02-2026
Issue: left side not charging in the case
Tried: cleaned the contacts with a cloth
Expected: replacemnt",charging_battery,charging_battery,0.2678,ml,False
TK-252532,5,"i bought airlite earbuds on 21-01-2026. app not opening aftter update. i cleared cache. nothing changed. please call me on my registered number. thanks in advance,",connectivity_pairing,connectivity_pairing,0.1889,ml,False
TK-252606,2,[IVR transcript] I bought braided cable on 08-04-2026. Nobody came for the pickup. How do I get this fixed?,delivery_shipping,connectivity_pairing,0.1624,ml,False
TK-252782,3,[IVR transcript] hello ji bluetooth keeps cutting out please jaldi pulse 2 VR904369 hello??,connectivity_pairing,connectivity_pairing,0.1605,ml,False
TK-252860,2,"I am losing patience. Bought Orbit Mini around 12/04 from Amazon. will this survive a shower. I want a replacement or refund, nothing else.",returns_refunds,other_unclear,0.2567,ml,False
TK-252889,1,"[IVR transcript] Hello, Bought Nexa Fit around 04 Apr from Amazon. The app said pickup today, that was on 04 Apr. I called courier. How do I get this fixed?",connectivity_pairing,delivery_shipping,0.1767,ml,False
TK-252951,4,"team,
locked out of my own account since recently
kucch karo
hello??",billing_payment,billing_payment,0.183,ml,False
TK-252998,5,"product: orbit mini
order: vr891488
purchased: april 21
issue: does orbit mini work with iphone
expected: replacement",product_enquiry_setup,delivery_shipping,0.1379,ml,False
TK-253019,3,got nexa watch from vireo.in in april. recieved the wrong item. i rechecked my order. i want a replacement. awaiting response manpreet george,returns_refunds,delivery_shipping,0.1602,ml,False
TK-253067,5,"hey
refud was promised 13 days ago and nothing
the fit band vr881542
pls reply",returns_refunds,returns_refunds,0.1619,ml,False
TK-253282,5,Not acceptable at this price. Order VR904863 (AirLite). card charged two times. I already waited a week. Fix this or I am posting on twitter.,billing_payment,billing_payment,0.2485,ml,False
TK-253315,2,"hello, i bought nexa fit on 07-05-2026. change of mind, plesae stop the shipment. i tried cancel button, greyeed out. waiting for your reply.",delivery_shipping,other_unclear,0.1504,ml,False
TK-253319,3,"Hey, Bought orbit mini around 13/05 from Amazon. Before I buy - will this talk to a 2019 Samsung. How do I get this fixed? Awaiting response",other_unclear,product_enquiry_setup,0.2296,ml,False
TK-253480,5,"hey,
i bought nexa watch on 07 may. there's a dent on the case straight out of the box.
i refused nothing as i didn't notice till later. nothing changed.
this is very disappointing.
what do i do now?",connectivity_pairing,connectivity_pairing,0.147,ml,False
TK-253565,1,"product: pulse 2
order: vr880829
purchased: 05 apr
issue: goes from full to empty duuring one commute
tried: fully charged and discharged twice
expected: fix",charging_battery,connectivity_pairing,0.163,ml,False
TK-253570,1,i am losing patience. this is regarding the nexa 2. app crashes when i open device settings. i already cleared cache. fix this or i am posting on twitter.,connectivity_pairing,connectivity_pairing,0.2252,ml,False
TK-253601,3,I have been a loyal customer & this is how you treat me. I bought Pulse2 on May 12. it has been 17 days & I have nothing in hand. I already checked wtih neighbours. Esccalate this to someone senior.,delivery_shipping,returns_refunds,0.1515,ml,False
TK-253750,4,"Dear Sir/Madam,

I am writing with reference to my order of the mini speaker (VR903177) placed on May 20. Still waiting for my refund. I have emailed twice. I request u to kindly arraange a replacement.

Regards,
Ayaan Desai
Bengaluru",returns_refunds,returns_refunds,0.2194,ml,False
TK-253880,4,"Hi there, Got the Nexa 2 from vireo.in last month. Order not delivered, tracking not updating. I checked the tracking page daily. I want a replacement.",delivery_shipping,delivery_shipping,0.2673,ml,False
TK-253904,5,"Hi, Orderde Pulse 2 3 weeks back.  Lfet earbud dead, does not charge in case. I tried another charger. What do I do now?",hardware_audio_defect,charging_battery,0.1846,ml,False
TK-253977,2,"Product: the Pulse buds
Order: VR886152
Purchased: 06/05
Issue: battery drains very fast, barely lasts 2 hours
Tried: turned off always-on display
Expected: callback",charging_battery,connectivity_pairing,0.1985,ml,False
TK-253987,2,"team,
order status stuck on shipped since may 18
abhhi tak kuh nahhi hua
urgent",delivery_shipping,delivery_shipping,0.1705,ml,False
TK-253995,2,"Hey, Ordered the neckband last month. People caannot hear me on calls. I tried different apps. Nothing changed. Tis is very disappointing. Please advise. Thanks Zaid",connectivity_pairing,hardware_audio_defect,0.1758,ml,False
TK-254133,4,"I am losing patience. Bought Nexa 2 around 31-05-2026 from Amazon. want to canel my order. I already tried canecl button, greyed out. Escalate this to someone senior.",other_unclear,returns_refunds,0.1495,ml,False
TK-254408,4,"product: my pulse
order: vr892055
purchased: 09 jun
issue: upi shows success, your app shows nothing
tried: tried logging out and in
expected: refund",connectivity_pairing,connectivity_pairing,0.1891,ml,False
TK-254429,5,this is very disappointing. ordered the airlite buds recently. my company accounts team is asking for the tax bill. i already tried different browser. this is the last time i buy from u.,connectivity_pairing,billing_payment,0.1702,ml,False
TK-254503,2,"Dear Sir/Madam,

I am writing with reference to my order of the fit band (VR896710) placed on 31-01-2026. Screen lights up but does nothing when I touch. I HAVE UPDATED FIRMWARE. I request you to look into this matter at the earliest.

Yours faithfully,
Kavya Kulkarni
Nashik",hardware_audio_defect,returns_refunds,0.2203,ml,False
TK-254512,4,"Product: the Nexa 2
Order: VR907022
Purchased: 18-04-2026
Issue: service centre took it, now silence
Tried: called service centre
Expected: refund",returns_refunds,hardware_audio_defect,0.1723,ml,False
TK-254559,1,"product: pulse earbuds
purchased: 08-04-2026
issue: bluetooth pairing fails every time
tried: forgot the device and tried again
expected: refund",connectivity_pairing,connectivity_pairing,0.1976,ml,False
TK-254572,3,"Dear Sir/Madam,

I am writing with reference to my order of the Pulse 2 earbuds placed on 12-06-2026. Refund not received yet. I have emailed twice. I request you to provide a resolution within 3 working days.

Yours faithfully,
Isha Chatterjee",returns_refunds,returns_refunds,0.2102,ml,False
TK-254607,4,I have been a loyal customer and this is how u treat me. Ordered Pulse 2 last month. bluetooth pairing fials every time. I already tried on another phone. Escalate this to someone senior,connectivity_pairing,connectivity_pairing,0.1657,ml,False
