month,ticket_volume,replacement_count,policy_replacement_cost,refund_count,refund_amount,replacement_rate,avg_replacement_cost
2025-01,311,29,46120.0,48,113293.0,0.0932475884244373,1590.344827586207
2025-02,328,23,37630.0,65,215331.0,0.0701219512195122,1636.0869565217392
2025-03,390,43,82570.0,75,239158.0,0.11025641025641025,1920.2325581395348
2025-04,368,35,62360.0,62,175438.0,0.09510869565217392,1781.7142857142858
2025-05,384,40,69920.0,73,231554.0,0.10416666666666667,1748.0
2025-06,366,35,60410.0,49,155478.0,0.09562841530054644,1726.0
2025-07,425,40,68110.0,70,237078.0,0.09411764705882353,1702.75
2025-08,570,54,99980.0,96,288733.0,0.09473684210526316,1851.4814814814815
2025-09,582,64,119730.0,108,331146.0,0.10996563573883161,1870.78125
2025-10,659,61,105020.0,107,307025.0,0.09256449165402124,1721.639344262295
2025-11,824,94,174090.0,168,464401.0,0.11407766990291263,1852.0212765957447
2025-12,1034,152,275880.0,189,492345.0,0.1470019342359768,1815.0
2026-01,1174,287,519980.0,164,452610.0,0.2444633730834753,1811.7770034843206
2026-02,1196,305,550090.0,155,450626.0,0.25501672240802675,1803.5737704918033
2026-03,1072,273,497470.0,128,312034.0,0.25466417910447764,1822.2344322344322
2026-04,788,184,333110.0,103,284505.0,0.233502538071066,1810.3804347826087
2026-05,693,100,173550.0,108,321269.0,0.1443001443001443,1735.5
2026-06,586,77,139970.0,101,278847.0,0.13139931740614336,1817.7922077922078
